{
    "accuracy": 0.6622807017543859,
    "precision": 0.6365046535677352,
    "recall": 0.7314319667260843,
    "auc": 0.7181596177837161
}