{
    "accuracy": 0.6639376218323587,
    "precision": 0.6364883401920439,
    "recall": 0.7365079365079366,
    "auc": 0.714184151310588
}